{"lst_x": [0.1, 0.10500000000000001, 0.11500000000000002, 0.13500000000000004, 0.17500000000000002, 0.215, 0.295, 0.37499999999999994, 0.4549999999999999, 0.6149999999999999, 0.7749999999999998, 0.9349999999999997, 1.0949999999999998], "lst_y": [1, 1.04754159127139, 1.1360470637512838, 1.291773353078922, 1.5445262165799687, 1.7486097015873572, 2.081753395435117, 2.3712586107986957, 2.651114418638233, 3.245046613656526, 3.935109988327774, 4.750392485085174, 5.704709209674573], "lst_z": [-0.2, -0.1878180543238776, -0.16342606775191973, -0.11458726116043298, -0.01714982710568648, 0.07910677489607058, 0.2642104475328445, 0.43395302771585575, 0.5835332381898434, 0.8138947090684808, 0.9562125010524267, 1.0283070337787477, 1.0514342115746784], "b": -0.09499999999999975, "max_LEE": 3.5544270686638235e-05, "max_h": 0.16, "min_h": 0.005, "div_numb": 0, "doubl_numb": 5}