{"lst_x": [0, 0.05, 0.1, 0.15000000000000002, 0.2, 0.25, 0.3, 0.35, 0.39999999999999997, 0.44999999999999996, 0.49999999999999994, 0.5499999999999999, 0.6, 0.65, 0.7000000000000001, 0.7500000000000001, 0.8000000000000002, 0.8500000000000002, 0.9000000000000002, 0.9500000000000003, 1.0000000000000002], "lst_y": [1, 1.020050840029735, 1.046358805190406, 1.0792069854472544, 1.1188820809271696, 1.1656714310399863, 1.2198601907439865, 1.2817287788103975, 1.3515506895473501, 1.4295907211798886, 1.5161036368923706, 1.6113332430134135, 1.7155118455703995, 1.828860032113505, 1.9515867194662115, 2.0838894081938437, 2.22595458910584, 2.3779582541686306, 2.540066472313439, 2.712435998718226, 2.895214893567073], "lst_z": [-0.2, -0.07612269993275447, 0.048078837134955324, 0.1704699268036355, 0.289026911941096, 0.4019448266214617, 0.5077202612417093, 0.6052025324798049, 0.6936116322327947, 0.7725262427318188, 0.841848442006908, 0.9017532376679191, 0.9526309342614488, 0.9950290580750348, 1.0295987180769173, 1.0570483699392985, 1.0781062988156072, 1.093491898518095, 1.103895019402921, 1.1099622245030316, 1.1122886402099104], "b": -2.220446049250313e-16, "max_LEE": 1.2766248647100298e-07, "max_h": 0.05, "min_h": 0.05, "div_numb": 0, "doubl_numb": 0}