{"lst_x": [0, 7.62939453125e-07, 1.52587890625e-06, 3.0517578125e-06, 6.103515625e-06, 1.220703125e-05, 2.44140625e-05, 4.8828125e-05, 9.765625e-05, 0.0001953125, 0.000390625, 0.00078125, 0.0015625, 0.003125, 0.00625, 0.0125, 0.025, 0.05, 0.1, 0.15, 0.19999999999999998, 0.24999999999999997, 0.3, 0.35000000000000003, 0.4000000000000001, 0.4500000000000001, 0.5000000000000001, 0.5500000000000002, 0.6000000000000002, 0.6500000000000002, 0.7000000000000003, 0.7500000000000003, 0.8000000000000004, 0.8500000000000004, 0.9000000000000005, 0.9500000000000005, 1.0500000000000005], "lst_y": [1, 1.0000001298152017, 1.0000003894466492, 1.000000908713721, 1.000001947264572, 1.0000040244331043, 1.0000081790374928, 1.0000164893155774, 1.0000331141490881, 1.0000663809263652, 1.0001329829290473, 1.0002664607837826, 1.0005345123457297, 1.001075002521304, 1.0021735602425141, 1.0044412189316554, 1.0092605865707422, 1.0200506483899312, 1.0463585698326852, 1.0792067234264533, 1.1188818075851794, 1.1656711586911312, 1.2198599278940552, 1.281728530019669, 1.351550455893555, 1.4295905011567076, 1.5161034275211533, 1.611333040951987, 1.7155116480547163, 1.8288598376392309, 1.951586528185296, 2.083889222051832, 2.2259544117748247, 2.3779580908406803, 2.540066329415736, 2.712435883599971, 3.088543152882597], "lst_z": [-0.2, -0.19999906158440106, -0.19999718475277362, -0.19999343108780046, -0.19998592375098143, -0.1999709090498539, -0.19994087953765435, -0.19988082007358374, -0.19976069938760754, -0.19952045099112456, -0.199039926154516, -0.19807876474266678, -0.19615599845354995, -0.19230871995189106, -0.18460740315783208, -0.16917952769520297, -0.13823727535101335, -0.07612359674146503, 0.04807798561623726, 0.17046913336140723, 0.2890261935220596, 0.40194420219637944, 0.5077197491068607, 0.6052021475787456, 0.693611384040693, 0.7725261340620637, 0.8418484688485988, 0.9017533899292403, 0.952631197140261, 0.9950294137255564, 1.0295991472744626, 1.0570488535284857, 1.0781068188248282, 1.093492438908181, 1.1038955664781034, 1.1099627670458063, 1.111414553984557], "b": -0.05000000000000049, "max_LEE": 0.0616854350242767, "max_h": 0.1, "min_h": 7.62939453125e-07, "div_numb": 30, "doubl_numb": 31}