{"lst_x": [1, 1.0499999999999998, 1.15, 1.35, 1.5500000000000003, 1.7500000000000004, 1.9500000000000006, 2.350000000000001, 2.7500000000000013, 3.1500000000000017, 3.550000000000002, 4.350000000000002], "lst_y": [2, 1.9047619128911357, 1.7391306064955847, 1.4814839444339056, 1.2903251881285813, 1.1428594107543415, 1.025642896341624, 0.8510677677684011, 0.7272762330524812, 0.634923410542244, 0.5633824294455001, 0.459773647767573], "lst_z": [0, 0.0, 0.0, 0.0, 0.0, 0.0, 0.0, 0.0, 0.0, 0.0, 0.0, 0.0], "b": -0.3500000000000023, "max_LEE": 4.7247883250944867e-05, "max_h": 0.8, "min_h": 0.05, "div_numb": 0, "doubl_numb": 4}